{
    "rmse": 0.8041196606438727,
    "mae": 0.6561680312853981,
    "r2": 0.010554504817416044
}