{
    "rmse": 0.8042421358134558,
    "mae": 0.6564814367160762,
    "r2": 0.010253077705560276
}